{
	"class_name" : "PinholeCameraParameters",
	"extrinsic" : 
	[
		0.93046463802456347,
		-0.36036841606161069,
		-0.066107201506824767,
		0.0,
		-0.31508364586707899,
		-0.87913215587322879,
		0.35755971335820042,
		0.0,
		-0.18697019412977903,
		-0.31186737119316466,
		-0.93154757757837459,
		0.0,
		0.80698394191133815,
		1.3460539083801613,
		4.331783082279391,
		1.0
	],
	"intrinsic" : 
	{
		"height" : 820,
		"intrinsic_matrix" : 
		[
			710.14083110323975,
			0.0,
			0.0,
			0.0,
			710.14083110323975,
			0.0,
			639.5,
			409.5,
			1.0
		],
		"width" : 1280
	},
	"version_major" : 1,
	"version_minor" : 0
}