{
	"class_name" : "PinholeCameraParameters",
	"extrinsic" : 
	[
		-0.3934399062476161,
		-0.62093020688136435,
		0.67797545556910332,
		0.0,
		-0.91925363134553817,
		0.27639773857660266,
		-0.28031598485955395,
		0.0,
		-0.013334220258745866,
		-0.73351889429789474,
		-0.67953824784046213,
		0.0,
		0.05755196263661011,
		3.1659483028406523,
		12.173260962421285,
		1.0
	],
	"intrinsic" : 
	{
		"height" : 820,
		"intrinsic_matrix" : 
		[
			710.14083110323975,
			0.0,
			0.0,
			0.0,
			710.14083110323975,
			0.0,
			639.5,
			409.5,
			1.0
		],
		"width" : 1280
	},
	"version_major" : 1,
	"version_minor" : 0
}