{
	"class_name" : "PinholeCameraParameters",
	"extrinsic" : 
	[
		0.9904554313456938,
		0.10504764521467762,
		-0.089235815414367495,
		0.0,
		0.13776661612767427,
		-0.77464245730590364,
		0.61721100348244073,
		0.0,
		-0.0042892888158630876,
		-0.62361370701254037,
		-0.78172088780301352,
		0.0,
		0.0087816481398563795,
		1.2767515514279169,
		5.2058022378595732,
		1.0
	],
	"intrinsic" : 
	{
		"height" : 820,
		"intrinsic_matrix" : 
		[
			710.14083110323975,
			0.0,
			0.0,
			0.0,
			710.14083110323975,
			0.0,
			639.5,
			409.5,
			1.0
		],
		"width" : 1280
	},
	"version_major" : 1,
	"version_minor" : 0
}