{
	"class_name" : "PinholeCameraParameters",
	"extrinsic" : 
	[
		0.83449592293016928,
		-0.44923159067799828,
		0.31907292669520027,
		0.0,
		-0.47266675623024534,
		-0.88122972786318576,
		-0.0045060276246001426,
		0.0,
		0.28320079831755968,
		-0.14705490358057163,
		-0.94771945382861367,
		0.0,
		-0.579809350807451,
		0.30107192029344237,
		5.4703725939752026,
		1.0
	],
	"intrinsic" : 
	{
		"height" : 820,
		"intrinsic_matrix" : 
		[
			710.14083110323975,
			0.0,
			0.0,
			0.0,
			710.14083110323975,
			0.0,
			639.5,
			409.5,
			1.0
		],
		"width" : 1280
	},
	"version_major" : 1,
	"version_minor" : 0
}