{
	"class_name" : "PinholeCameraParameters",
	"extrinsic" : 
	[
		0.97125202218333762,
		-0.015038528317828398,
		0.23757809678253497,
		0.0,
		-0.061887988521355908,
		-0.97963784856332436,
		0.19099623697602502,
		0.0,
		0.22986819327944921,
		-0.20020871191897538,
		-0.95240594569237469,
		0.0,
		-0.47061918154337068,
		0.40989603127308505,
		11.297882976311591,
		1.0
	],
	"intrinsic" : 
	{
		"height" : 820,
		"intrinsic_matrix" : 
		[
			710.14083110323975,
			0.0,
			0.0,
			0.0,
			710.14083110323975,
			0.0,
			639.5,
			409.5,
			1.0
		],
		"width" : 1280
	},
	"version_major" : 1,
	"version_minor" : 0
}