{
	"class_name" : "PinholeCameraParameters",
	"extrinsic" : 
	[
		0.71626821786945172,
		-0.42696271425816401,
		-0.55196257183202302,
		0.0,
		0.21931262224224637,
		-0.61316461969271008,
		0.75890126029828409,
		0.0,
		-0.66246646239288931,
		-0.66462921226078808,
		-0.34555201694427268,
		0.0,
		1.3562964927133594,
		1.3607243848814439,
		8.8676026036251603,
		1.0
	],
	"intrinsic" : 
	{
		"height" : 1008,
		"intrinsic_matrix" : 
		[
			872.95360701471418,
			0.0,
			0.0,
			0.0,
			872.95360701471418,
			0.0,
			639.5,
			503.5,
			1.0
		],
		"width" : 1280
	},
	"version_major" : 1,
	"version_minor" : 0
}