{
	"class_name" : "PinholeCameraParameters",
	"extrinsic" : 
	[
		0.96901343999284284,
		0.1228025935367297,
		-0.21431863226021686,
		0.0,
		0.095490309625663114,
		-0.9864411190141833,
		-0.13347478970068116,
		0.0,
		-0.22780376177937076,
		0.10887351256710159,
		-0.96760115976597971,
		0.0,
		0.91151461435334391,
		-0.43563722146524497,
		4.8745916687435873,
		1.0
	],
	"intrinsic" : 
	{
		"height" : 820,
		"intrinsic_matrix" : 
		[
			710.14083110323975,
			0.0,
			0.0,
			0.0,
			710.14083110323975,
			0.0,
			639.5,
			409.5,
			1.0
		],
		"width" : 1280
	},
	"version_major" : 1,
	"version_minor" : 0
}