{
	"class_name" : "PinholeCameraParameters",
	"extrinsic" : 
	[
		0.89077465910732456,
		-0.11977359942207538,
		0.43837745331359163,
		0.0,
		-0.15421328753118993,
		-0.9870720124179494,
		0.043670404738246286,
		0.0,
		0.42747955347718397,
		-0.1065041181488299,
		-0.89772941590230171,
		0.0,
		-1.8450488151714062,
		0.45968349925270108,
		5.8918013152582613,
		1.0
	],
	"intrinsic" : 
	{
		"height" : 820,
		"intrinsic_matrix" : 
		[
			710.14083110323975,
			0.0,
			0.0,
			0.0,
			710.14083110323975,
			0.0,
			639.5,
			409.5,
			1.0
		],
		"width" : 1280
	},
	"version_major" : 1,
	"version_minor" : 0
}