{
	"class_name" : "PinholeCameraParameters",
	"extrinsic" : 
	[
		0.64962151492803444,
		-0.44137934201757489,
		0.61901224849169034,
		0.0,
		-0.71741907442024111,
		-0.62535085499920673,
		0.3069954068219356,
		0.0,
		0.25159840818377632,
		-0.64352201562331479,
		-0.72289532880458984,
		0.0,
		-0.51510839863398195,
		1.3175107002716433,
		5.8967791966494421,
		1.0
	],
	"intrinsic" : 
	{
		"height" : 820,
		"intrinsic_matrix" : 
		[
			710.14083110323975,
			0.0,
			0.0,
			0.0,
			710.14083110323975,
			0.0,
			639.5,
			409.5,
			1.0
		],
		"width" : 1280
	},
	"version_major" : 1,
	"version_minor" : 0
}