{
	"class_name" : "PinholeCameraParameters",
	"extrinsic" : 
	[
		0.82920817299473926,
		-0.41278444737448938,
		0.37685913262711873,
		0.0,
		-0.47337003689796464,
		-0.87715051624408291,
		0.080794678166068043,
		0.0,
		0.2972113961575944,
		-0.24538942898681732,
		-0.9227401661007163,
		0.0,
		-0.60849385906560138,
		0.50239648461836883,
		5.419231408331707,
		1.0
	],
	"intrinsic" : 
	{
		"height" : 820,
		"intrinsic_matrix" : 
		[
			710.14083110323975,
			0.0,
			0.0,
			0.0,
			710.14083110323975,
			0.0,
			639.5,
			409.5,
			1.0
		],
		"width" : 1280
	},
	"version_major" : 1,
	"version_minor" : 0
}