{
	"class_name" : "PinholeCameraParameters",
	"extrinsic" : 
	[
		0.66764471399761072,
		-0.71268718809078646,
		0.21523825822166637,
		0.0,
		-0.74097995898684388,
		-0.66412990295725605,
		0.099399056222084697,
		0.0,
		0.072105729667648555,
		-0.22585049021251619,
		-0.97148974251911802,
		0.0,
		-0.31121626755761411,
		0.97479558023989843,
		11.019573926733687,
		1.0
	],
	"intrinsic" : 
	{
		"height" : 820,
		"intrinsic_matrix" : 
		[
			710.14083110323975,
			0.0,
			0.0,
			0.0,
			710.14083110323975,
			0.0,
			639.5,
			409.5,
			1.0
		],
		"width" : 1280
	},
	"version_major" : 1,
	"version_minor" : 0
}