{
	"class_name" : "PinholeCameraParameters",
	"extrinsic" : 
	[
		1.0,
		-0.0,
		-0.0,
		0.0,
		0.0,
		-1.0,
		-0.0,
		0.0,
		0.0,
		-0.0,
		-1.0,
		0.0,
		-0.0,
		0.0,
		10.115466596044591,
		1.0
	],
	"intrinsic" : 
	{
		"height" : 809,
		"intrinsic_matrix" : 
		[
			700.6145516616109,
			0.0,
			0.0,
			0.0,
			700.6145516616109,
			0.0,
			639.5,
			404.0,
			1.0
		],
		"width" : 1280
	},
	"version_major" : 1,
	"version_minor" : 0
}