{
	"class_name" : "PinholeCameraParameters",
	"extrinsic" : 
	[
		0.98411444015933658,
		0.065652900028787861,
		-0.16494988750431355,
		0.0,
		0.17652159576651899,
		-0.46099361702036401,
		0.86966948393888344,
		0.0,
		-0.018944521580588604,
		-0.88497151467394264,
		-0.46525963001080439,
		0.0,
		0.03878594560556986,
		1.811840794427485,
		1.4544513459764055,
		1.0
	],
	"intrinsic" : 
	{
		"height" : 809,
		"intrinsic_matrix" : 
		[
			700.6145516616109,
			0.0,
			0.0,
			0.0,
			700.6145516616109,
			0.0,
			639.5,
			404.0,
			1.0
		],
		"width" : 1280
	},
	"version_major" : 1,
	"version_minor" : 0
}