{
	"class_name" : "PinholeCameraParameters",
	"extrinsic" : 
	[
		0.79636317108390065,
		-0.4056837027164964,
		0.44858269370476966,
		0.0,
		-0.60481570984988375,
		-0.5318149334203186,
		0.59276541203913313,
		0.0,
		-0.0019122918121959318,
		-0.74336640355976236,
		-0.66888170344138542,
		0.0,
		0.0082536619907422025,
		3.2084512369534259,
		3.1980882519176861,
		1.0
	],
	"intrinsic" : 
	{
		"height" : 820,
		"intrinsic_matrix" : 
		[
			710.14083110323975,
			0.0,
			0.0,
			0.0,
			710.14083110323975,
			0.0,
			639.5,
			409.5,
			1.0
		],
		"width" : 1280
	},
	"version_major" : 1,
	"version_minor" : 0
}