{
	"class_name" : "PinholeCameraParameters",
	"extrinsic" : 
	[
		-0.016537502045300065,
		-0.76615288507679358,
		0.64244553676915461,
		0.0,
		-0.98989254492857037,
		-0.077968813596201544,
		-0.1184635538941799,
		0.0,
		0.14085190989454202,
		-0.6379111386352383,
		-0.757119619798717,
		0.0,
		-0.28837226067551058,
		1.3060233070042386,
		8.3634444825167922,
		1.0
	],
	"intrinsic" : 
	{
		"height" : 1101,
		"intrinsic_matrix" : 
		[
			953.49396956666703,
			0.0,
			0.0,
			0.0,
			953.49396956666703,
			0.0,
			699.0,
			550.0,
			1.0
		],
		"width" : 1399
	},
	"version_major" : 1,
	"version_minor" : 0
}