{
	"class_name" : "PinholeCameraParameters",
	"extrinsic" : 
	[
		0.90498508260998267,
		0.10300507180714512,
		-0.4127856046852989,
		0.0,
		0.41561578999091242,
		-0.4213834566859016,
		0.80603938957204246,
		0.0,
		-0.090914879770215701,
		-0.90101383874691177,
		-0.42415627665156802,
		0.0,
		0.18613400008568315,
		1.8446849444491278,
		11.864295815679977,
		1.0
	],
	"intrinsic" : 
	{
		"height" : 1111,
		"intrinsic_matrix" : 
		[
			962.15422360451134,
			0.0,
			0.0,
			0.0,
			962.15422360451134,
			0.0,
			959.5,
			555.0,
			1.0
		],
		"width" : 1920
	},
	"version_major" : 1,
	"version_minor" : 0
}