{
	"class_name" : "PinholeCameraParameters",
	"extrinsic" : 
	[
		0.3323890863957264,
		-0.54333817139283958,
		0.77090928568314687,
		0.0,
		-0.86071307034705558,
		0.15943616870980817,
		0.48348021535620483,
		0.0,
		-0.38560407904839239,
		-0.82423524531205472,
		-0.41466342328039762,
		0.0,
		1.664309657354103,
		3.5574900610227367,
		13.054912411165521,
		1.0
	],
	"intrinsic" : 
	{
		"height" : 820,
		"intrinsic_matrix" : 
		[
			710.14083110323975,
			0.0,
			0.0,
			0.0,
			710.14083110323975,
			0.0,
			639.5,
			409.5,
			1.0
		],
		"width" : 1280
	},
	"version_major" : 1,
	"version_minor" : 0
}