{
	"class_name" : "PinholeCameraParameters",
	"extrinsic" : 
	[
		0.78090862050723642,
		-0.51853977872093437,
		0.34827894610718213,
		0.0,
		-0.62337292464273697,
		-0.68250823548040707,
		0.38156088023247592,
		0.0,
		0.039848754558275634,
		-0.51507184584819388,
		-0.85622022305869927,
		0.0,
		-0.17199161172916028,
		2.2231067923137098,
		4.0066619271831598,
		1.0
	],
	"intrinsic" : 
	{
		"height" : 820,
		"intrinsic_matrix" : 
		[
			710.14083110323975,
			0.0,
			0.0,
			0.0,
			710.14083110323975,
			0.0,
			639.5,
			409.5,
			1.0
		],
		"width" : 1280
	},
	"version_major" : 1,
	"version_minor" : 0
}