{
	"class_name" : "PinholeCameraParameters",
	"extrinsic" : 
	[
		0.97702526546365887,
		0.21248246437203469,
		-0.016517656615095529,
		0.0,
		0.12834394756164333,
		-0.52472564591122817,
		0.84154074627871622,
		0.0,
		0.17014541360248692,
		-0.82432651228589737,
		-0.53994105175714058,
		0.0,
		-0.34762832722447234,
		1.6842020039530556,
		5.3597901638510326,
		1.0
	],
	"intrinsic" : 
	{
		"height" : 1008,
		"intrinsic_matrix" : 
		[
			872.95360701471418,
			0.0,
			0.0,
			0.0,
			872.95360701471418,
			0.0,
			639.5,
			503.5,
			1.0
		],
		"width" : 1280
	},
	"version_major" : 1,
	"version_minor" : 0
}