{
	"class_name" : "PinholeCameraParameters",
	"extrinsic" : 
	[
		0.89726681015408072,
		0.16801749579957839,
		0.40826755014470539,
		0.0,
		-0.14469520514744144,
		-0.76175909396555019,
		0.63149535261007572,
		0.0,
		0.41710378684838229,
		-0.62569417758680068,
		-0.65918982632525247,
		0.0,
		-0.85219512316596902,
		1.2783713395693461,
		5.6034303017129377,
		1.0
	],
	"intrinsic" : 
	{
		"height" : 1008,
		"intrinsic_matrix" : 
		[
			872.95360701471418,
			0.0,
			0.0,
			0.0,
			872.95360701471418,
			0.0,
			639.5,
			503.5,
			1.0
		],
		"width" : 1280
	},
	"version_major" : 1,
	"version_minor" : 0
}